symbol,stage,product,entry_time,exit_time,entry_price,exit_price,shares,gross_pnl,net_pnl,r_multiple,exit_reason
RELIANCE,camarilla,MIS,2026-06-04 11:55:00,2026-06-04 13:05:00,1304.2,1300.55,23,83.95,52.19,0.42,target_hit
ICICIBANK,camarilla,MIS,2026-06-04 11:55:00,2026-06-04 14:15:00,1255.0,1261.03,23,138.69,107.99,0.42,target_hit
RELIANCE,camarilla,MIS,2026-06-05 10:55:00,2026-06-05 11:00:00,1294.0,1293.745,23,5.87,-25.69,0.03,target_hit
ICICIBANK,camarilla,MIS,2026-06-05 12:00:00,2026-06-05 15:15:00,1261.0,1262.3,23,29.9,-0.88,0.09,forced_close
HDFCBANK,camarilla,MIS,2026-06-05 12:50:00,2026-06-05 13:30:00,750.0,747.4350000000001,40,102.6,70.85,0.51,target_hit
RELIANCE,camarilla,MIS,2026-06-09 15:05:00,2026-06-09 15:15:00,1270.1,1269.3,23,-18.4,-49.37,-0.07,forced_close
RELIANCE,camarilla,MIS,2026-06-10 15:05:00,2026-06-10 15:10:00,1261.0,1260.015,23,22.65,-8.09,0.08,target_hit
HDFCBANK,camarilla,MIS,2026-06-11 12:05:00,2026-06-11 13:20:00,752.25,748.8214285714286,39,-133.71,-164.74,-0.41,trailing_stop
RELIANCE,camarilla,MIS,2026-06-11 12:15:00,2026-06-11 13:40:00,1273.2,1266.0357142857142,23,-164.78,-195.73,-0.79,trailing_stop
RELIANCE,camarilla,MIS,2026-06-12 13:30:00,2026-06-12 13:35:00,1273.0,1275.54,23,58.42,27.33,0.25,target_hit
ICICIBANK,camarilla,MIS,2026-06-12 13:35:00,2026-06-12 14:50:00,1335.5,1342.575,22,155.65,124.39,0.82,target_hit
ICICIBANK,camarilla,MIS,2026-06-15 13:50:00,2026-06-15 15:00:00,1332.4,1326.72,22,124.96,93.96,0.58,target_hit
HDFCBANK,camarilla,MIS,2026-06-16 11:20:00,2026-06-16 11:50:00,784.5,787.195,38,102.41,70.73,0.62,target_hit
HDFCBANK,camarilla,MIS,2026-06-17 14:05:00,2026-06-17 14:10:00,789.0,789.4375,38,16.62,-15.18,0.1,target_hit
RELIANCE,camarilla,MIS,2026-06-18 12:10:00,2026-06-18 12:15:00,1325.2,1323.3500000000001,22,40.7,9.81,0.25,target_hit
ICICIBANK,camarilla,MIS,2026-06-18 12:10:00,2026-06-18 12:30:00,1342.1,1343.73,22,35.86,4.53,0.14,target_hit
ICICIBANK,camarilla,MIS,2026-06-19 11:10:00,2026-06-19 14:25:00,1349.0,1350.825,22,40.15,8.65,0.28,target_hit
RELIANCE,camarilla,MIS,2026-06-19 13:05:00,2026-06-19 14:20:00,1324.6,1321.5549999999998,22,66.99,36.13,0.39,target_hit
HDFCBANK,camarilla,MIS,2026-06-22 13:35:00,2026-06-22 13:50:00,786.5,786.8675,38,13.96,-17.74,0.11,target_hit
RELIANCE,camarilla,MIS,2026-06-23 13:30:00,2026-06-23 15:10:00,1317.3,1309.56,22,170.28,139.66,1.22,target_hit
ICICIBANK,camarilla,MIS,2026-06-23 14:45:00,2026-06-23 15:00:00,1348.0,1344.535,22,76.23,44.83,0.44,target_hit
RELIANCE,camarilla,MIS,2026-06-24 13:10:00,2026-06-24 15:10:00,1319.3,1311.25,22,-177.1,-207.77,-0.81,trailing_stop
ICICIBANK,camarilla,MIS,2026-06-25 11:15:00,2026-06-25 11:55:00,1388.2,1393.9499999999998,21,120.75,89.76,0.63,target_hit
HDFCBANK,camarilla,MIS,2026-06-25 11:45:00,2026-06-25 14:10:00,800.3,798.7,37,-59.2,-90.56,-0.3,trailing_stop
HDFCBANK,camarilla,MIS,2026-06-29 15:15:00,2026-06-29 15:20:00,799.25,799.25,37,0.0,-31.36,0.0,forced_close
ICICIBANK,camarilla,MIS,2026-06-30 11:35:00,2026-06-30 12:10:00,1380.2,1377.26,21,61.74,31.04,0.19,target_hit
RELIANCE,camarilla,MIS,2026-06-30 14:00:00,2026-06-30 15:15:00,1293.1,1294.8,23,-39.1,-70.66,-0.19,forced_close
RELIANCE,camarilla,MIS,2026-07-02 10:55:00,2026-07-02 11:30:00,1302.0,1299.365,23,60.6,28.89,0.23,target_hit
RELIANCE,camarilla,MIS,2026-07-03 11:55:00,2026-07-03 13:25:00,1309.3,1303.6857142857143,22,-123.51,-153.98,-0.68,trailing_stop
ICICIBANK,camarilla,MIS,2026-07-03 12:20:00,2026-07-03 12:50:00,1413.7,1415.51,21,38.01,6.5,0.21,target_hit
RELIANCE,camarilla,MIS,2026-07-07 11:40:00,2026-07-07 15:15:00,1312.4,1306.89,22,121.22,90.68,0.47,target_hit
HDFCBANK,camarilla,MIS,2026-07-07 12:05:00,2026-07-07 13:10:00,837.45,830.9642857142857,35,-227.0,-257.94,-1.31,trailing_stop
ICICIBANK,camarilla,MIS,2026-07-07 12:35:00,2026-07-07 12:50:00,1419.2,1415.9,21,69.3,37.74,0.32,target_hit
ICICIBANK,camarilla,MIS,2026-07-08 11:50:00,2026-07-08 12:00:00,1406.7,1402.05,21,97.65,66.39,0.43,target_hit
HDFCBANK,camarilla,MIS,2026-07-08 13:45:00,2026-07-08 13:55:00,823.05,820.005,36,109.62,78.27,0.44,target_hit
HDFCBANK,camarilla,MIS,2026-07-09 12:55:00,2026-07-09 15:15:00,820.5,817.0,36,-126.0,-157.24,-0.55,forced_close
RELIANCE,camarilla,MIS,2026-07-13 11:40:00,2026-07-13 15:15:00,1297.4,1296.6,23,18.4,-13.23,0.13,forced_close
ICICIBANK,camarilla,MIS,2026-07-13 15:05:00,2026-07-13 15:15:00,1410.0,1408.6,21,-29.4,-60.78,-0.17,forced_close
HDFCBANK,camarilla,MIS,2026-07-14 11:40:00,2026-07-14 11:45:00,812.0,811.9275,36,2.61,-28.39,0.01,target_hit
RELIANCE,camarilla,MIS,2026-07-14 14:10:00,2026-07-14 14:35:00,1291.7,1290.63,23,24.61,-6.88,0.1,target_hit
RELIANCE,camarilla,MIS,2026-07-15 11:50:00,2026-07-15 11:55:00,1303.9,1304.605,23,16.21,-15.6,0.08,target_hit
HDFCBANK,camarilla,MIS,2026-07-15 15:15:00,2026-07-15 15:20:00,815.5,815.67,36,6.12,-25.02,0.03,target_hit
HDFCBANK,camarilla,MIS,2026-07-16 12:40:00,2026-07-16 13:10:00,810.8,809.95,37,31.45,-0.34,0.17,target_hit
ICICIBANK,camarilla,MIS,2026-07-16 13:20:00,2026-07-16 14:50:00,1409.9,1416.4142857142858,21,-136.8,-168.29,-0.69,trailing_stop
ICICIBANK,camarilla,MIS,2026-07-20 13:15:00,2026-07-20 13:45:00,1457.9,1463.77,20,117.4,86.4,0.45,target_hit
RELIANCE,camarilla,MIS,2026-07-21 11:20:00,2026-07-21 13:00:00,1314.0,1306.05,22,174.9,144.36,1.19,target_hit
RELIANCE,camarilla,MIS,2026-07-22 14:55:00,2026-07-22 15:15:00,1291.0,1291.0,23,-0.0,-31.49,-0.0,forced_close
RELIANCE,camarilla,MIS,2026-07-23 12:00:00,2026-07-23 12:40:00,1281.0,1275.455,23,127.54,96.37,0.67,target_hit
ICICIBANK,camarilla,MIS,2026-07-23 13:25:00,2026-07-23 15:15:00,1428.6,1435.3,20,-134.0,-164.39,-0.6,forced_close
RELIANCE,camarilla,MIS,2026-07-24 11:15:00,2026-07-24 11:25:00,1278.3,1282.815,23,103.85,72.6,0.51,target_hit
HDFCBANK,camarilla,MIS,2026-07-27 11:45:00,2026-07-27 15:15:00,739.25,739.35,40,-4.0,-35.36,-0.03,forced_close
ICICIBANK,camarilla,MIS,2026-07-27 13:40:00,2026-07-27 14:25:00,1439.8,1446.43,20,132.6,101.98,0.63,target_hit
RELIANCE,camarilla,MIS,2026-07-28 11:25:00,2026-07-28 11:30:00,1274.4,1274.115,23,6.56,-24.52,0.03,target_hit
HDFCBANK,camarilla,MIS,2026-07-28 15:00:00,2026-07-28 15:15:00,735.5,736.6,40,-44.0,-75.23,-0.25,forced_close
ICICIBANK,camarilla,MIS,2026-07-29 12:15:00,2026-07-29 15:15:00,1439.5,1437.6,20,-38.0,-68.51,-0.21,forced_close
HDFCBANK,camarilla,MIS,2026-07-30 14:15:00,2026-07-30 15:05:00,751.7,753.9475000000001,39,87.65,56.51,0.64,target_hit
ICICIBANK,camarilla,MIS,2026-07-30 15:25:00,2026-07-30 15:25:00,1429.5,1429.5,20,-0.0,-30.32,-0.0,eod_data_end
RELIANCE,camarilla,MIS,2026-07-31 11:20:00,2026-07-31 14:00:00,1299.1,1304.835,23,131.91,100.13,0.62,target_hit
HDFCBANK,camarilla,MIS,2026-07-31 12:10:00,2026-07-31 15:15:00,749.6,747.6,40,80.0,48.25,0.61,forced_close
