trade_id,date,position_type,tradingsymbol,strike,expiry,quantity,entry_time,exit_time,entry_price,exit_price,entry_spot,exit_spot,exit_reason,gross_pnl,net_pnl
1,2026-06-04,SHORT_CE,NIFTY_1300_CE,1300,2026-06-04,65,2026-06-04 12:40:00,2026-06-04 14:05:00,10.408,11.908,1301.0,1304.0,SUPERTREND_FLIP_BULLISH,-97.5,-98.27983902204
2,2026-06-05,SHORT_CE,NIFTY_1300_CE,1300,2026-06-05,65,2026-06-05 10:55:00,2026-06-05 12:20:00,10.352,13.001999999999978,1294.0,1299.3,SUPERTREND_FLIP_BULLISH,-172.24999999999852,-173.07383587025853
3,2026-06-05,SHORT_CE,NIFTY_1300_CE,1300,2026-06-05,65,2026-06-05 13:05:00,2026-06-05 15:15:00,10.3464,9.5964,1293.3,1291.8,EOD_FORCED_SQUARE_OFF,48.75,48.068040080268
4,2026-06-08,SHORT_CE,NIFTY_1300_CE,1300,2026-06-08,65,2026-06-08 09:15:00,2026-06-08 15:15:00,10.2144,3.2644000000000677,1276.8,1262.9,EOD_FORCED_SQUARE_OFF,451.74999999999557,451.33514983642357
5,2026-06-10,SHORT_PE,NIFTY_1300_PE,1300,2026-06-10,65,2026-06-10 09:15:00,2026-06-10 10:10:00,10.312,13.012000000000045,1289.0,1283.6,SUPERTREND_FLIP_BEARISH,-175.50000000000296,-176.32315942956296
6,2026-06-10,SHORT_CE,NIFTY_1250_CE,1250,2026-06-10,65,2026-06-10 15:00:00,2026-06-10 15:15:00,10.076799999999999,9.22680000000009,1259.6,1257.9,EOD_FORCED_SQUARE_OFF,55.24999999999409,54.59078491011009
7,2026-06-12,SHORT_PE,NIFTY_1300_PE,1300,2026-06-12,65,2026-06-12 09:15:00,2026-06-12 12:10:00,10.2064,14.856399999999978,1275.8,1266.5,SUPERTREND_FLIP_BEARISH,-302.2499999999985,-303.1470291325305
8,2026-06-12,SHORT_PE,NIFTY_1300_PE,1300,2026-06-12,65,2026-06-12 13:35:00,2026-06-12 15:15:00,10.208,1.0,1276.0,1295.8,EOD_FORCED_SQUARE_OFF,598.52,598.1995569544799
9,2026-06-15,SHORT_PE,NIFTY_1300_PE,1300,2026-06-15,65,2026-06-15 09:15:00,2026-06-15 12:20:00,10.468,10.218,1308.5,1309.0,SUPERTREND_FLIP_BEARISH,16.25,15.53885092266
10,2026-06-16,SHORT_PE,NIFTY_1300_PE,1300,2026-06-16,65,2026-06-16 10:20:00,2026-06-16 15:05:00,10.571200000000001,7.671200000000024,1321.4,1327.2,SUPERTREND_FLIP_BEARISH,188.49999999999852,187.89201633914251
11,2026-06-19,SHORT_PE,NIFTY_1350_PE,1350,2026-06-19,65,2026-06-19 09:45:00,2026-06-19 10:55:00,10.679200000000002,14.329200000000093,1334.9,1327.6,SUPERTREND_FLIP_BEARISH,-237.2500000000059,-238.1380042534019
12,2026-06-19,SHORT_CE,NIFTY_1300_CE,1300,2026-06-19,65,2026-06-19 14:20:00,2026-06-19 15:15:00,10.5272,7.477199999999932,1315.9,1309.8,EOD_FORCED_SQUARE_OFF,198.25000000000443,197.65129143536845
13,2026-06-22,SHORT_PE,NIFTY_1350_PE,1350,2026-06-22,65,2026-06-22 09:20:00,2026-06-22 12:10:00,10.7392,15.939200000000046,1342.4,1332.0,SUPERTREND_FLIP_BEARISH,-338.00000000000296,-338.95664278569893
14,2026-06-23,SHORT_CE,NIFTY_1300_CE,1300,2026-06-23,65,2026-06-23 15:10:00,2026-06-23 15:15:00,10.4824,9.2324,1310.3,1307.8,EOD_FORCED_SQUARE_OFF,81.25,80.579473029588
15,2026-06-24,SHORT_CE,NIFTY_1300_CE,1300,2026-06-24,65,2026-06-24 09:45:00,2026-06-24 10:00:00,10.3824,15.482400000000023,1297.8,1308.0,SUPERTREND_FLIP_BULLISH,-331.5000000000015,-332.42788731391346
16,2026-06-25,SHORT_PE,NIFTY_1350_PE,1350,2026-06-25,65,2026-06-25 09:50:00,2026-06-25 12:25:00,10.6096,14.659600000000069,1326.2,1318.1,SUPERTREND_FLIP_BEARISH,-263.25000000000443,-264.1498526445524
17,2026-06-29,SHORT_CE,NIFTY_1300_CE,1300,2026-06-29,65,2026-06-29 09:15:00,2026-06-29 15:00:00,10.4864,4.636399999999977,1310.8,1299.1,SUPERTREND_FLIP_BULLISH,380.2500000000015,379.77062488606947
18,2026-06-30,SHORT_CE,NIFTY_1300_CE,1300,2026-06-30,65,2026-06-30 09:35:00,2026-06-30 15:15:00,10.323200000000002,12.523199999999933,1290.4,1294.8,EOD_FORCED_SQUARE_OFF,-142.99999999999557,-143.80312409361156
19,2026-07-01,SHORT_PE,NIFTY_1300_PE,1300,2026-07-01,65,2026-07-01 09:55:00,2026-07-01 15:15:00,10.459200000000001,10.659200000000046,1307.4,1307.0,EOD_FORCED_SQUARE_OFF,-13.000000000002956,-13.729269109298958
20,2026-07-06,SHORT_PE,NIFTY_1300_PE,1300,2026-07-06,65,2026-07-06 10:30:00,2026-07-06 14:10:00,10.4856,6.5856000000000225,1310.7,1318.5,SUPERTREND_FLIP_BEARISH,253.49999999999852,252.93953138407053
21,2026-07-08,SHORT_CE,NIFTY_1300_CE,1300,2026-07-08,65,2026-07-08 09:15:00,2026-07-08 10:15:00,10.336,10.735999999999978,1292.0,1292.8,SUPERTREND_FLIP_BULLISH,-25.999999999998522,-26.72909994767852
22,2026-07-08,SHORT_CE,NIFTY_1300_CE,1300,2026-07-08,65,2026-07-08 13:45:00,2026-07-08 15:15:00,10.297600000000001,4.697599999999978,1287.2,1276.0,EOD_FORCED_SQUARE_OFF,364.0000000000015,363.5232350805135
23,2026-07-10,SHORT_PE,NIFTY_1300_PE,1300,2026-07-10,65,2026-07-10 09:20:00,2026-07-10 15:15:00,10.396,5.7460000000000235,1299.5,1308.8,EOD_FORCED_SQUARE_OFF,302.2499999999985,301.72691847401853
24,2026-07-14,SHORT_PE,NIFTY_1300_PE,1300,2026-07-14,65,2026-07-14 10:45:00,2026-07-14 12:25:00,10.435200000000002,13.48520000000007,1304.4,1298.3,SUPERTREND_FLIP_BEARISH,-198.25000000000443,-199.09621667068043
25,2026-07-14,SHORT_CE,NIFTY_1300_CE,1300,2026-07-14,65,2026-07-14 14:10:00,2026-07-14 15:15:00,10.3336,9.433600000000023,1291.7,1289.9,EOD_FORCED_SQUARE_OFF,58.49999999999852,57.82516457983052
26,2026-07-15,SHORT_PE,NIFTY_1300_PE,1300,2026-07-15,65,2026-07-15 09:25:00,2026-07-15 12:35:00,10.4424,13.392399999999931,1305.3,1299.4,SUPERTREND_FLIP_BEARISH,-191.74999999999557,-192.59255149320757
27,2026-07-16,SHORT_PE,NIFTY_1300_PE,1300,2026-07-16,65,2026-07-16 09:40:00,2026-07-16 13:35:00,10.4632,13.7132,1307.9,1301.4,SUPERTREND_FLIP_BEARISH,-211.25,-212.106469631316
28,2026-07-17,SHORT_PE,NIFTY_1300_PE,1300,2026-07-17,65,2026-07-17 09:15:00,2026-07-17 13:55:00,10.472,6.371999999999977,1309.0,1317.2,SUPERTREND_FLIP_BEARISH,266.5000000000015,265.9487917616415
29,2026-07-17,SHORT_PE,NIFTY_1300_PE,1300,2026-07-17,65,2026-07-17 14:20:00,2026-07-17 15:15:00,10.588799999999999,9.288799999999931,1323.6,1326.2,EOD_FORCED_SQUARE_OFF,84.50000000000443,83.82421967806043
30,2026-07-20,SHORT_PE,NIFTY_1350_PE,1350,2026-07-20,65,2026-07-20 09:25:00,2026-07-20 14:10:00,10.728,18.578000000000024,1341.0,1325.3,SUPERTREND_FLIP_BEARISH,-510.2500000000016,-511.3161497051416
31,2026-07-21,SHORT_CE,NIFTY_1300_CE,1300,2026-07-21,65,2026-07-21 12:25:00,2026-07-21 15:15:00,10.4792,7.279199999999955,1309.9,1303.5,EOD_FORCED_SQUARE_OFF,208.00000000000296,207.41084224910696
32,2026-07-22,SHORT_CE,NIFTY_1300_CE,1300,2026-07-22,65,2026-07-22 09:30:00,2026-07-22 15:15:00,10.356,8.606,1294.5,1291.0,EOD_FORCED_SQUARE_OFF,113.75,113.10899304822
33,2026-07-23,SHORT_CE,NIFTY_1300_CE,1300,2026-07-23,65,2026-07-23 12:35:00,2026-07-23 15:15:00,10.2144,8.014400000000068,1276.8,1272.4,EOD_FORCED_SQUARE_OFF,142.99999999999557,142.38748005892356
34,2026-07-24,SHORT_CE,NIFTY_1250_CE,1250,2026-07-24,65,2026-07-24 09:30:00,2026-07-24 11:15:00,10.1112,17.311199999999932,1263.9,1278.3,SUPERTREND_FLIP_BULLISH,-467.99999999999557,-468.99658451505155
35,2026-07-28,SHORT_CE,NIFTY_1250_CE,1250,2026-07-28,65,2026-07-28 09:25:00,2026-07-28 15:15:00,10.195200000000002,6.545199999999911,1274.4,1267.1,EOD_FORCED_SQUARE_OFF,237.2500000000059,236.69914480352992
36,2026-07-29,SHORT_PE,NIFTY_1300_PE,1300,2026-07-29,65,2026-07-29 09:30:00,2026-07-29 15:15:00,10.2104,10.760399999999954,1276.3,1275.2,EOD_FORCED_SQUARE_OFF,-35.749999999997044,-36.476684621049046
37,2026-07-30,SHORT_PE,NIFTY_1300_PE,1300,2026-07-30,65,2026-07-30 10:00:00,2026-07-30 15:15:00,10.2624,5.362400000000022,1282.8,1292.6,EOD_FORCED_SQUARE_OFF,318.4999999999985,317.9965311116865
38,2026-07-31,SHORT_PE,NIFTY_1300_PE,1300,2026-07-31,65,2026-07-31 12:50:00,2026-07-31 15:15:00,10.4248,8.024799999999908,1303.1,1307.9,EOD_FORCED_SQUARE_OFF,156.0000000000059,155.38130025538192
